P38,PIP2,PIP3,PKA,PKC,p44/42,pakts473,pjnk,plcg,pmek,praf
44.9,18.3,58.8,414.0,17.0,6.61,17.0,40.0,8.82,13.2,26.4
16.5,16.8,8.13,352.0,3.37,18.6,32.5,61.5,12.3,16.5,35.9
31.9,10.2,13.0,403.0,11.4,14.9,32.5,19.5,14.6,44.1,59.4
28.6,13.5,1.29,528.0,13.7,5.83,11.8,23.1,23.1,82.8,73.0
25.7,9.73,24.8,305.0,4.66,21.1,46.1,81.3,5.19,19.8,33.7
49.1,22.1,10.9,610.0,13.7,11.9,25.7,57.8,17.6,3.75,18.8
35.9,132.0,16.3,835.0,15.0,8.66,17.9,18.1,10.4,36.5,44.9
24.4,30.5,17.5,466.0,6.44,20.2,45.3,20.0,14.6,15.0,47.4
61.0,21.1,41.8,445.0,29.2,11.5,23.5,25.3,10.6,61.5,104.0
26.7,205.0,43.7,213.0,14.6,13.2,135.0,101.0,1.88,21.5,21.1
44.9,17.0,11.2,449.0,20.4,21.9,34.6,24.1,14.5,16.4,16.4
71.0,15.5,26.2,389.0,31.9,20.9,36.5,35.5,7.5,22.9,74.3
44.1,64.9,11.7,528.0,17.9,6.67,12.2,118.0,8.9,39.6,85.1
41.4,9.06,15.5,400.0,14.6,17.9,17.9,151.0,5.0,29.2,36.8
19.1,16.0,46.6,500.0,9.73,8.82,7.23,7.91,10.2,24.1,29.2
77.0,13.2,11.3,392.0,56.2,18.1,27.9,1.0,11.9,13.8,50.0
65.5,10.9,14.7,89.0,40.0,9.06,37.9,1.42,21.3,26.7,26.2
30.8,92.2,22.7,223.0,16.5,27.6,31.3,7.64,10.5,38.2,39.6
37.2,133.0,15.7,319.0,24.1,19.1,36.2,17.2,7.5,19.8,30.5
27.4,141.0,25.7,710.0,14.2,31.1,62.1,22.1,13.3,16.5,49.1
28.4,85.8,17.9,843.0,12.0,12.1,35.9,20.9,11.3,8.9,38.5
28.4,10.6,4.91,276.0,13.8,10.2,23.9,12.7,14.5,17.8,31.6
84.3,137.0,23.9,965.0,1.0,30.2,50.0,4.61,1.0,27.9,41.0
93.9,24.4,12.9,449.0,35.9,9.91,27.9,48.3,15.4,54.2,70.4
46.1,20.9,10.5,1981.0,35.9,59.4,98.2,17.8,17.6,42.2,70.4
29.2,181.0,43.7,644.0,13.6,18.8,38.5,7.04,8.28,1.0,21.5
23.3,22.1,10.6,466.0,10.5,17.8,32.2,6.98,18.6,23.1,39.2
48.3,18.4,6.26,500.0,22.7,10.4,25.0,59.4,19.8,20.4,69.8
38.9,50.0,23.1,308.0,13.2,34.3,51.4,196.0,17.2,22.3,34.9
41.8,62.6,38.2,673.0,28.1,5.14,14.7,23.1,13.0,24.8,40.7
38.5,21.3,7.5,1382.0,19.5,23.9,49.1,20.9,13.2,15.7,45.7
67.9,17.6,13.1,621.0,34.0,8.58,12.5,28.1,14.5,29.2,43.7
40.3,209.0,19.5,422.0,26.9,10.5,35.5,15.3,4.41,80.6,79.9
59.9,18.1,12.7,552.0,38.5,9.22,22.9,17.9,21.7,17.3,56.7
31.9,41.4,2.21,325.0,22.9,19.1,33.7,20.7,2.57,19.5,58.8
38.5,12.4,30.8,403.0,22.5,20.2,37.9,20.9,10.9,12.7,53.8
28.9,79.1,24.4,429.0,14.7,36.2,48.7,12.6,18.9,23.1,58.3
31.3,115.0,16.1,1241.0,2.46,4.96,12.4,83.5,7.1,28.1,160.0
80.6,53.8,27.6,599.0,38.2,4.29,27.6,139.0,12.2,9.39,45.3
23.7,9.39,20.7,898.0,12.7,38.5,59.9,13.5,8.35,28.4,54.7
8.98,47.8,22.9,396.0,4.74,13.6,14.2,43.3,25.3,26.9,85.1
37.9,343.0,60.4,319.0,14.9,27.1,42.6,17.8,9.47,43.7,109.0
40.3,120.0,23.7,10.2,4.96,2.69,18.9,221.0,1.0,15.3,25.7
20.0,28.9,13.8,382.0,15.3,14.7,24.8,7.7,27.6,28.1,50.5
20.0,62.1,23.1,562.0,4.45,2.71,13.3,105.0,17.8,17.8,69.2
48.7,20.9,39.2,474.0,23.5,4.49,24.8,22.5,8.51,19.3,62.6
66.7,19.3,15.8,1433.0,31.9,17.8,38.5,40.0,11.4,43.7,67.9
46.1,15.4,24.6,233.0,21.3,21.9,36.2,17.0,4.91,57.8,75.0
32.8,122.0,48.3,1027.0,12.5,6.26,36.2,108.0,7.57,42.2,50.9
34.9,22.5,20.0,466.0,19.1,8.82,24.1,6.15,24.1,20.4,79.9
22.7,22.1,3.82,1310.0,8.74,39.2,75.7,11.7,21.9,21.7,62.6
26.9,76.4,17.2,673.0,4.66,9.06,15.4,173.0,6.38,25.3,50.9
43.7,51.4,42.2,466.0,20.4,25.3,35.5,10.1,13.6,30.5,75.0
32.5,20.7,27.9,29.7,17.2,3.62,12.4,10.5,11.7,25.3,59.4
38.2,292.0,49.6,573.0,20.9,6.38,13.1,17.6,1.0,37.9,181.0
121.0,67.3,1.91,973.0,85.8,4.07,27.1,32.5,12.7,33.1,69.8
80.6,42.2,6.61,547.0,44.9,5.83,13.5,71.7,11.1,19.1,57.3
16.7,18.6,6.92,418.0,6.55,23.5,37.5,95.6,13.9,30.5,82.8
23.3,35.5,11.9,322.0,6.79,21.9,45.7,11.9,15.7,24.6,35.5
33.1,42.6,17.3,188.0,20.7,2.84,20.7,17.5,17.9,27.9,80.6
20.0,154.0,58.3,337.0,5.47,13.1,21.5,9.39,10.8,45.7,113.0
42.2,89.0,29.4,1731.0,24.1,181.0,355.0,20.7,10.3,10.1,8.9
47.4,20.2,32.2,583.0,37.5,12.9,22.5,9.47,7.1,14.1,35.2
59.9,62.6,26.7,547.0,25.7,9.14,16.5,80.6,12.7,12.3,24.1
35.5,28.6,13.7,319.0,22.5,16.3,24.1,12.4,5.78,33.1,164.0
27.1,57.3,19.5,382.0,3.05,25.9,34.6,78.4,15.5,27.1,57.8
42.9,97.3,71.0,429.0,4.45,10.9,18.9,80.6,40.0,27.4,90.6
7.37,22.7,23.7,578.0,1.86,4.22,10.8,3.43,4.37,12.7,38.5
14.9,40.3,21.7,667.0,2.5,12.7,25.9,64.9,12.7,36.8,51.4
24.4,20.5,8.43,437.0,11.7,20.4,38.5,15.4,18.6,15.1,26.9
39.6,21.1,57.8,474.0,25.9,14.1,19.8,75.7,12.7,21.1,56.2
22.3,45.7,47.8,418.0,10.0,18.8,31.6,6.67,18.4,35.5,70.4
19.8,16.5,24.1,362.0,16.3,18.4,33.7,10.4,12.2,35.2,58.8
31.1,50.0,19.8,151.0,12.0,8.51,18.6,27.6,17.3,35.5,69.2
47.8,276.0,77.0,799.0,19.6,32.8,51.4,16.4,25.5,47.0,69.8
48.3,19.6,15.1,1065.0,1.67,6.85,23.1,4.66,20.0,59.9,105.0
25.0,30.2,10.6,692.0,6.49,14.3,37.9,91.4,13.6,51.9,62.1
31.1,31.6,1.0,505.0,18.6,19.8,27.6,7.64,1.0,33.4,75.0
22.7,101.0,35.9,400.0,11.7,9.14,22.9,6.85,7.99,15.1,20.4
43.3,33.1,82.0,956.0,22.5,17.9,35.2,20.0,17.5,19.6,47.8
29.4,77.7,12.9,1407.0,18.8,11.1,37.9,16.8,11.8,53.3,59.9
31.3,109.0,21.9,207.0,11.0,21.5,38.2,12.0,12.4,27.1,46.6
39.2,58.8,10.8,3051.0,15.3,58.8,200.0,15.7,49.1,21.3,51.9
68.5,12.7,4.61,562.0,1.0,6.73,15.0,8.2,15.1,23.9,31.9
6.98,138.0,30.8,906.0,2.69,28.1,46.1,71.0,67.3,27.4,93.9
20.0,12.6,9.06,806.0,2.37,19.6,35.2,7.91,15.3,23.3,64.9
12.0,34.6,63.8,470.0,1.0,8.58,26.2,9.91,12.0,123.0,153.0
36.2,235.0,34.9,1843.0,23.5,44.9,64.9,30.5,7.04,12.4,16.7
16.4,12.0,43.3,655.0,7.7,12.2,31.3,49.1,13.1,25.5,71.7
33.4,4.26,12.9,470.0,7.77,13.0,22.7,16.3,2.89,23.7,35.5
2.69,34.6,12.3,239.0,2.53,3.46,19.5,6.1,13.0,61.5,83.5
48.7,154.0,56.7,433.0,9.56,16.8,16.0,54.2,12.9,8.82,31.9
15.4,125.0,27.4,799.0,2.71,89.0,150.0,49.1,7.7,20.2,29.4
36.5,25.7,10.7,313.0,10.8,29.2,38.2,17.2,17.6,325.0,302.0
15.3,505.0,67.3,483.0,2.92,19.3,29.7,89.0,11.5,16.5,40.3
24.6,23.1,71.0,557.0,20.0,6.38,47.0,7.7,9.73,15.4,29.2
39.2,24.4,37.2,375.0,5.47,16.8,35.9,95.6,12.7,25.7,46.1
25.0,155.0,67.9,820.0,3.59,7.23,23.9,93.1,27.1,21.5,52.3
22.7,10.6,13.9,1009.0,10.2,6.1,25.9,15.3,18.6,36.5,48.7
21.9,325.0,79.1,723.0,12.1,6.61,10.9,5.42,120.0,82.0,85.8
36.8,64.4,45.3,583.0,15.7,8.28,28.4,13.7,21.5,25.9,75.7
21.5,18.4,30.2,982.0,16.3,5.47,17.2,15.5,14.9,21.9,58.3
18.4,82.8,38.2,379.0,6.55,22.5,27.9,48.7,13.3,34.9,58.8
29.7,67.9,30.5,403.0,17.8,10.8,16.7,7.77,28.4,27.6,112.0
30.8,10.9,32.2,379.0,14.3,22.9,32.2,17.6,2.39,29.2,66.7
20.0,137.0,20.4,313.0,16.1,22.7,38.2,10.5,6.61,23.9,39.6
28.6,8.35,40.0,281.0,21.3,15.8,34.6,13.9,2.55,15.5,36.5
67.9,59.4,138.0,331.0,38.5,24.1,36.5,16.3,32.2,25.7,38.2
17.3,7.91,32.5,858.0,2.81,13.3,61.0,64.4,9.39,21.3,41.8
13.5,113.0,25.5,604.0,4.26,17.0,34.6,72.3,24.8,18.1,62.1
29.2,111.0,20.2,1472.0,20.4,28.4,89.0,12.9,9.65,79.1,167.0
4.45,51.9,64.9,271.0,2.21,7.5,17.6,9.73,25.9,28.6,55.7
25.0,93.1,36.5,906.0,9.06,8.9,17.8,42.2,12.9,71.7,84.3
49.6,27.4,44.5,1197.0,20.9,44.5,64.9,17.5,19.1,25.3,60.4
21.5,38.5,81.3,274.0,16.0,5.83,12.9,14.9,38.2,21.9,57.3
27.4,60.4,49.6,87.4,11.1,5.47,14.3,7.43,30.0,32.8,76.4
75.0,71.0,13.9,500.0,50.9,19.5,32.2,26.9,15.5,119.0,96.5
20.4,115.0,61.0,965.0,5.0,10.6,21.3,34.9,32.2,17.8,38.5
13.8,19.6,75.7,519.0,12.0,15.7,17.8,14.9,7.7,46.6,66.1
31.1,15.0,35.9,382.0,14.9,10.6,32.2,12.0,7.37,79.1,112.0
13.9,73.0,24.1,340.0,5.62,3.49,11.4,93.9,12.2,22.3,47.0
40.7,8.58,24.8,757.0,24.6,15.8,33.1,25.0,19.6,54.7,87.4
8.35,19.1,11.3,743.0,8.66,18.8,57.3,24.4,22.9,19.1,57.8
17.6,22.3,34.3,385.0,7.23,13.6,29.4,7.99,18.9,31.1,92.2
20.2,11.4,23.1,319.0,4.14,20.4,24.8,122.0,9.56,28.9,93.1
25.5,38.9,29.2,276.0,1.83,18.8,28.1,97.3,16.0,36.8,107.0
5.57,27.6,4.03,491.0,3.52,5.28,5.88,24.4,16.1,56.7,80.6
16.1,158.0,12.3,514.0,6.55,14.2,26.2,33.7,1.0,25.3,44.9
19.8,13.2,9.73,286.0,1.88,18.6,54.7,88.2,9.65,18.8,27.4
28.4,35.2,25.7,284.0,20.4,14.1,25.7,48.3,24.6,25.7,31.6
68.5,25.5,5.73,305.0,34.9,30.5,42.9,20.4,8.13,33.4,52.3
20.2,18.3,23.1,649.0,3.82,14.1,27.4,53.8,8.82,27.4,71.7
32.5,87.4,12.5,379.0,3.68,4.53,16.0,77.0,15.5,26.9,44.5
24.6,22.7,2.0,457.0,13.6,6.26,15.1,6.55,16.4,27.4,74.3
40.0,17.8,39.2,487.0,30.5,22.3,30.2,23.7,13.9,20.2,44.1
24.4,17.8,21.9,710.0,12.6,13.1,36.8,65.5,17.3,22.9,42.9
16.0,3.96,41.4,509.0,3.68,8.06,20.4,63.2,1.19,26.4,79.1
94.7,47.0,7.37,2288.0,69.8,52.8,97.3,8.28,44.9,30.0,89.0
32.8,80.6,41.0,453.0,13.6,15.1,38.2,13.1,14.5,27.4,63.2
44.5,70.4,42.2,313.0,24.8,6.98,21.3,23.1,25.3,20.7,27.9
25.3,17.5,9.73,255.0,13.0,20.7,28.1,9.73,19.3,22.9,69.8
53.8,37.9,49.1,509.0,22.1,13.0,23.5,35.9,22.7,15.7,28.9
26.9,82.0,49.1,343.0,3.96,20.2,25.0,87.4,7.17,30.8,102.0
14.5,61.5,26.2,239.0,2.74,22.5,36.5,77.7,14.9,25.3,59.4
60.4,22.5,8.74,426.0,29.7,25.0,37.5,24.1,18.8,31.3,89.8
14.2,56.2,16.1,305.0,4.26,21.7,35.5,95.6,19.5,33.1,200.0
125.0,149.0,62.1,698.0,44.1,4.49,20.7,57.3,14.9,18.1,62.1
31.6,276.0,41.4,334.0,16.7,15.0,19.5,11.8,17.9,23.7,46.1
46.6,7.99,17.8,1208.0,26.4,29.2,69.2,30.0,8.43,85.1,149.0
25.7,153.0,16.0,1582.0,12.2,40.3,61.5,12.0,7.91,15.5,8.9
30.8,24.4,73.0,487.0,17.9,12.3,23.1,15.1,9.82,40.0,109.0
33.4,23.9,10.5,2571.0,1.0,8.13,34.9,1.01,31.1,42.9,71.7
38.5,47.8,13.9,649.0,18.6,5.94,17.2,17.8,16.3,24.4,68.5
51.4,89.8,28.1,632.0,20.4,39.2,82.8,35.9,4.45,44.1,79.9
41.8,325.0,23.5,799.0,23.9,44.1,86.6,16.7,1.0,34.9,85.1
6.61,311.0,59.9,470.0,2.15,22.9,25.3,2.81,3.85,163.0,196.0
37.5,26.4,10.9,322.0,23.3,29.4,42.6,19.3,25.7,17.3,38.5
54.7,12.4,3.11,573.0,25.0,22.5,30.0,20.9,12.7,50.9,64.4
36.2,101.0,31.3,352.0,13.9,19.6,25.3,9.82,17.5,22.7,97.3
66.1,6.73,66.7,1655.0,40.0,27.4,53.3,20.4,7.3,28.4,79.1
31.9,61.0,16.1,1018.0,15.4,70.4,108.0,14.2,1.35,24.8,106.0
29.4,141.0,12.1,297.0,6.15,19.3,34.0,118.0,8.51,30.8,76.4
30.2,41.0,30.8,1094.0,11.5,6.61,27.4,67.3,21.5,30.8,108.0
16.4,41.0,56.2,965.0,3.43,3.79,30.8,70.4,18.3,34.6,53.3
36.2,106.0,23.7,519.0,14.9,14.7,21.3,16.5,24.4,19.3,27.9
9.47,20.4,17.0,533.0,2.41,18.9,45.3,74.3,21.9,26.2,69.8
18.1,119.0,14.1,445.0,3.0,8.82,23.7,66.7,17.8,5.88,7.23
21.9,29.4,15.0,470.0,1.88,17.6,28.1,59.4,14.9,18.8,49.1
44.9,62.6,16.5,552.0,6.98,3.79,10.3,271.0,53.3,15.7,42.6
28.1,10.9,46.1,874.0,12.5,3.59,13.6,2.89,9.22,22.9,16.5
11.4,13.0,27.9,215.0,5.14,7.99,11.1,58.8,17.9,61.0,101.0
44.9,17.2,13.3,965.0,9.22,8.82,24.8,3.85,11.5,21.9,59.9
33.4,104.0,13.3,914.0,13.7,36.8,65.5,11.0,11.3,46.1,102.0
29.2,422.0,101.0,649.0,8.43,11.3,19.5,138.0,26.9,101.0,142.0
20.9,10.1,16.7,542.0,11.1,14.9,33.1,154.0,17.8,17.2,61.5
17.5,35.2,32.5,599.0,1.63,11.7,18.1,67.9,15.5,20.4,54.7
39.6,13.6,24.8,509.0,18.3,11.7,28.9,23.3,4.78,19.5,50.5
63.2,38.2,98.2,704.0,32.8,34.0,59.4,50.9,26.7,13.3,34.0
20.4,43.7,44.9,466.0,1.6,8.58,24.4,64.9,32.8,19.5,48.7
18.8,145.0,21.1,255.0,4.83,4.53,24.6,51.9,12.3,25.3,70.4
23.5,94.7,17.2,244.0,3.08,8.43,16.0,93.9,6.32,19.1,45.7
29.7,27.4,46.6,3220.0,17.8,66.7,164.0,18.3,25.3,33.1,78.4
23.1,94.7,117.0,355.0,9.82,23.7,36.5,18.9,32.5,11.4,17.6
22.1,21.5,8.13,610.0,2.07,15.4,71.7,57.3,15.1,26.4,29.4
31.3,38.2,50.0,461.0,20.5,4.41,13.9,13.2,7.64,21.1,63.8
39.2,32.8,22.3,362.0,19.6,10.8,10.1,12.1,28.6,155.0,227.0
25.3,33.4,8.58,1252.0,12.6,7.7,23.1,1.11,13.7,29.7,64.4
38.9,71.0,31.6,505.0,18.9,14.3,17.9,33.1,19.5,15.3,57.8
43.7,178.0,31.6,255.0,28.1,21.5,33.1,12.5,13.5,23.7,75.0
16.0,109.0,16.3,445.0,3.85,6.85,17.8,63.8,52.3,25.0,48.7
19.6,32.5,3.72,1346.0,1.42,9.56,25.7,79.9,27.4,53.3,61.0
32.5,15.5,31.6,5.57,6.15,3.85,22.3,73.0,16.1,46.1,96.5
24.1,93.9,14.9,474.0,16.4,11.5,18.6,7.3,12.5,26.2,54.7
36.5,75.0,14.1,562.0,18.3,4.33,11.1,13.3,66.1,39.2,118.0
47.0,39.2,16.1,1000.0,17.3,12.2,37.9,23.1,29.7,56.2,96.5
37.9,18.9,3.85,710.0,21.1,23.1,42.9,18.6,24.4,52.8,89.0
138.0,48.3,75.0,308.0,89.0,19.1,33.7,46.6,21.5,38.5,25.3
12.9,51.4,14.5,882.0,3.34,53.3,118.0,30.5,20.9,46.1,96.5
21.3,133.0,30.0,403.0,9.56,21.5,24.1,13.6,18.1,34.9,62.6
31.9,75.7,63.2,400.0,19.3,13.3,19.3,29.4,47.4,20.0,18.3
33.1,17.0,12.7,334.0,5.88,18.8,31.1,138.0,12.9,32.5,65.5
23.1,32.2,27.4,777.0,6.38,38.5,47.0,56.2,14.9,41.0,85.1
25.9,26.2,42.6,385.0,5.42,4.91,9.91,98.2,36.5,25.0,79.9
32.5,26.9,23.9,422.0,22.9,19.1,40.3,24.4,8.2,20.2,42.2
43.7,68.5,28.6,267.0,20.5,10.9,6.55,21.9,10.2,19.1,61.0
47.0,155.0,21.3,389.0,17.3,17.2,26.4,23.7,6.1,10.9,17.5
34.6,63.8,126.0,552.0,20.9,9.73,19.8,15.4,33.4,22.3,36.5
15.5,167.0,31.3,286.0,5.19,19.1,32.8,108.0,21.7,14.9,14.6
35.2,26.9,8.58,284.0,17.0,21.5,36.2,14.9,25.7,24.4,17.3
38.9,127.0,29.7,337.0,25.9,26.9,53.8,20.5,65.5,10.9,63.2
46.1,157.0,48.3,1499.0,28.9,15.5,117.0,10.7,12.5,16.0,35.2
37.2,173.0,37.2,604.0,15.8,5.57,12.4,18.8,14.5,27.6,57.3
20.5,114.0,15.8,1000.0,13.6,16.7,30.0,17.3,15.0,15.5,24.4
24.1,135.0,27.9,385.0,14.3,29.2,42.9,9.06,14.6,40.7,69.8
28.9,53.8,75.0,1382.0,10.6,10.6,33.1,4.26,44.9,35.9,74.3
32.5,88.2,16.8,730.0,17.2,49.6,72.3,17.9,16.5,35.5,101.0
13.2,21.1,12.7,379.0,1.0,23.9,34.3,8.66,22.1,17.2,41.4
63.2,17.2,32.8,158.0,25.7,5.28,12.3,31.9,11.4,66.1,82.0
30.5,10.3,2.48,382.0,18.8,19.5,31.3,3.49,18.8,38.2,86.6
38.2,155.0,13.5,195.0,20.5,17.3,86.6,15.8,20.7,7.23,14.1
41.0,14.5,49.1,750.0,25.5,38.2,83.5,15.0,2.81,52.3,89.8
14.6,178.0,48.3,528.0,3.82,11.3,27.1,68.5,27.6,41.4,97.3
30.2,34.9,35.5,505.0,13.9,17.5,39.2,10.2,11.0,13.7,26.9
1.53,20.7,15.5,407.0,1.78,3.31,13.7,55.2,13.7,21.3,89.0
36.5,12.6,20.0,269.0,24.4,21.7,35.9,11.3,17.6,23.9,66.1
40.3,382.0,87.4,305.0,6.49,7.64,8.13,87.4,25.3,53.3,129.0
47.0,85.8,46.1,599.0,21.9,7.23,12.1,17.8,37.5,19.3,39.2
11.9,12.0,36.2,346.0,5.78,29.7,41.0,26.4,4.03,18.6,25.0
40.0,98.2,29.7,365.0,23.3,5.33,22.9,21.1,7.17,19.3,45.7
89.0,57.3,12.1,422.0,1.0,14.9,21.5,1.57,25.0,20.5,62.1
37.5,83.5,131.0,25.3,23.9,4.83,20.5,17.8,20.2,32.5,71.0
28.6,11.3,14.9,181.0,17.5,14.7,113.0,9.22,6.67,31.6,50.0
33.4,12.9,21.7,523.0,10.1,8.58,18.3,104.0,4.41,31.6,102.0
9.82,16.5,3.11,542.0,3.49,6.44,17.5,4.53,11.2,24.6,63.2
18.9,87.4,20.4,359.0,1.0,13.3,18.4,58.8,14.5,66.1,233.0
35.9,36.8,17.5,1075.0,11.8,42.6,80.6,11.3,18.9,24.1,38.9
50.5,23.1,16.1,547.0,22.9,12.0,22.7,15.4,6.04,44.1,98.2
39.6,6.49,26.2,219.0,10.7,22.7,26.7,71.7,8.66,24.6,38.9
13.8,22.7,13.9,311.0,10.8,26.2,47.8,9.65,22.5,29.4,87.4
28.9,71.7,2.27,418.0,14.7,6.26,15.5,12.7,1.0,21.5,75.7
32.8,80.6,23.7,396.0,20.0,7.77,15.1,18.6,15.7,18.9,79.9
38.9,54.7,47.4,661.0,11.2,43.7,57.3,98.2,19.3,19.5,52.8
25.9,35.2,12.9,1358.0,9.73,70.4,109.0,91.4,33.7,17.0,63.8
12.4,17.6,45.7,500.0,4.53,7.84,21.1,69.8,7.99,44.9,107.0
51.9,76.4,16.3,667.0,18.4,31.1,59.4,18.4,17.0,18.4,59.4
27.9,61.5,24.8,542.0,7.7,16.0,36.2,167.0,48.7,74.3,106.0
43.3,16.8,14.5,655.0,24.8,7.99,16.7,14.3,11.7,40.7,71.0
27.9,24.4,17.0,392.0,12.3,4.29,11.1,29.2,23.7,13.1,21.5
26.7,120.0,31.6,1762.0,19.1,29.4,54.2,8.9,33.7,51.4,149.0
21.1,112.0,18.1,346.0,5.0,17.9,36.5,57.3,17.8,12.3,25.9
31.1,30.0,35.2,349.0,13.7,13.3,34.9,16.1,12.3,48.3,64.4
10.4,16.4,37.9,414.0,4.14,15.3,22.9,68.5,15.5,11.3,36.2
22.3,44.5,4.49,302.0,17.9,30.2,50.0,10.3,12.9,26.7,51.9
17.2,308.0,38.2,355.0,8.13,11.8,29.4,89.8,9.65,7.57,21.7
24.6,14.3,13.0,300.0,13.2,23.5,40.0,13.0,17.6,35.9,93.9
41.4,88.2,30.0,414.0,25.3,24.4,32.5,16.4,13.6,20.5,56.7
49.6,75.0,14.3,466.0,24.8,13.2,29.2,29.2,11.0,16.1,66.1
52.8,99.1,50.0,1346.0,25.3,29.7,50.5,13.2,11.2,17.0,27.6
33.7,19.8,10.1,400.0,25.7,25.3,39.2,20.9,21.7,33.4,49.1
10.3,21.7,45.3,49.1,7.77,5.99,45.3,41.0,12.3,51.9,157.0
24.1,16.3,17.5,466.0,9.47,16.1,25.0,262.0,13.5,33.4,124.0
58.8,39.2,6.85,239.0,4.07,2.53,13.9,89.0,34.6,16.4,37.9
23.5,15.1,13.3,474.0,2.05,12.3,22.9,106.0,22.1,25.5,45.3
38.5,53.8,15.4,316.0,18.9,40.3,53.3,13.2,33.1,86.6,163.0
45.3,37.2,44.9,400.0,24.6,5.0,4.29,28.6,8.58,33.7,62.6
61.0,43.7,13.3,1037.0,30.8,6.04,21.9,14.2,43.7,15.3,26.4
43.7,85.1,88.2,1446.0,19.5,11.9,32.2,20.7,13.3,29.7,52.3
34.0,25.0,4.53,621.0,15.3,181.0,248.0,22.1,21.5,24.8,81.3
48.7,281.0,64.4,496.0,26.2,26.4,45.3,10.4,5.0,38.2,95.6
22.1,117.0,17.3,828.0,8.82,30.0,71.0,12.6,5.05,29.4,79.9
26.4,121.0,30.8,717.0,16.0,10.4,14.7,8.35,15.1,14.6,17.3
17.6,73.7,36.2,1219.0,1.98,15.5,35.5,77.0,42.6,37.9,51.4
42.9,17.0,17.5,470.0,27.4,29.4,41.8,16.0,3.13,7.3,38.5
23.5,13.6,42.6,1000.0,12.4,36.8,62.6,23.7,3.65,53.3,52.8
50.0,38.2,1.49,1009.0,29.7,10.5,27.1,33.4,17.0,40.3,91.4
24.8,32.8,12.1,487.0,2.11,17.9,42.9,66.7,13.3,14.2,37.9
30.8,32.5,13.6,2618.0,10.1,55.7,97.3,58.3,7.5,18.8,55.2
58.3,178.0,45.3,982.0,1.0,21.1,57.3,8.43,15.5,24.8,44.5
53.3,17.3,13.7,349.0,17.0,19.1,36.8,22.3,20.4,30.0,70.4
36.8,21.7,31.6,400.0,3.89,33.1,87.4,96.5,19.8,30.5,47.4
19.8,184.0,36.2,359.0,3.96,20.5,26.2,80.6,22.7,21.7,63.8
36.2,29.2,27.4,154.0,20.7,1.5,8.51,13.5,12.1,42.9,23.5
19.6,93.9,7.7,1094.0,9.39,133.0,297.0,4.14,22.1,15.1,5.23
48.3,117.0,3.49,457.0,20.4,16.0,29.4,16.0,1.0,15.4,14.5
26.2,12.6,15.8,271.0,12.1,20.0,30.0,85.8,12.2,9.47,36.8
23.3,12.9,17.3,352.0,12.6,6.98,9.22,20.9,17.6,25.3,97.3
15.4,149.0,39.6,1027.0,9.56,43.3,64.4,67.3,67.3,12.1,16.3
59.4,184.0,58.8,286.0,1.0,32.5,43.3,3.68,33.1,31.3,44.5
15.1,97.3,37.5,331.0,5.42,22.1,36.8,94.7,17.5,53.3,67.9
17.0,81.3,18.1,2129.0,8.58,79.9,165.0,7.57,18.9,28.1,59.4
18.8,24.1,36.8,313.0,9.91,15.3,32.2,9.22,21.5,17.2,25.9
33.7,98.2,19.5,365.0,19.3,40.0,75.7,14.7,11.3,32.8,40.0
20.5,337.0,60.4,496.0,9.91,12.7,25.0,9.56,17.0,24.8,60.4
23.3,136.0,30.0,1526.0,1.54,57.8,91.4,59.9,17.0,24.6,50.5
26.7,191.0,13.0,466.0,13.7,10.6,21.9,15.0,6.15,18.8,31.1
24.8,15.1,29.2,331.0,18.8,12.7,19.3,10.9,17.5,17.9,11.2
19.3,14.2,24.4,1670.0,8.06,92.2,235.0,18.4,23.1,28.4,39.2
21.3,37.2,25.7,1075.0,7.04,7.3,23.3,35.5,18.4,27.1,72.3
20.2,379.0,78.4,343.0,14.1,31.3,50.0,9.65,25.0,16.1,62.1
59.4,32.8,19.6,385.0,31.9,3.37,14.1,28.1,30.5,12.9,12.7
31.6,11.1,3.02,737.0,17.0,67.3,129.0,7.77,7.5,17.9,49.6
32.5,125.0,10.3,418.0,17.3,5.73,22.5,12.4,13.1,22.7,62.6
21.1,49.1,12.9,483.0,2.35,11.0,22.9,85.8,23.9,5.33,10.8
14.7,36.5,50.0,70.4,3.0,4.26,17.2,92.2,13.5,26.4,74.3
44.9,213.0,23.5,429.0,1.67,16.5,19.1,3.0,6.79,21.7,73.0
13.8,145.0,33.4,305.0,1.6,8.58,11.0,62.6,16.7,6.38,10.9
25.3,123.0,11.9,422.0,11.2,11.5,23.9,14.2,11.0,18.9,55.2
39.6,13.5,15.5,538.0,17.9,5.67,30.2,14.6,18.4,13.9,56.7
35.2,165.0,34.6,433.0,19.5,24.6,31.9,21.5,11.8,61.5,97.3
44.5,47.0,85.8,1124.0,17.5,3.55,30.0,157.0,19.3,19.5,45.3
27.6,89.8,47.0,407.0,11.1,19.5,46.1,122.0,17.0,16.5,45.3
35.5,34.0,38.9,449.0,2.59,21.5,38.5,3.75,17.8,271.0,248.0
32.2,164.0,35.9,313.0,14.1,20.5,33.4,13.9,19.8,34.0,58.3
53.8,133.0,9.22,552.0,26.9,4.1,10.8,25.9,10.8,46.1,112.0
25.7,153.0,35.2,457.0,11.2,12.9,35.5,1.19,17.9,15.0,16.0
35.9,13.5,17.2,294.0,16.1,31.1,50.5,1.0,26.7,31.6,67.3
7.91,22.9,17.3,311.0,3.75,11.0,28.9,8.35,16.5,15.8,39.2
13.6,63.8,26.2,392.0,2.97,27.1,33.1,57.8,20.7,24.4,68.5
47.4,196.0,25.9,1700.0,16.8,95.6,143.0,16.7,6.44,40.0,59.9
136.0,58.8,119.0,429.0,38.2,12.7,36.2,55.7,36.5,67.3,88.2
17.2,154.0,64.4,239.0,5.38,21.1,34.9,73.7,42.2,11.2,13.1
29.4,76.4,30.0,343.0,13.6,3.92,12.0,12.0,14.6,50.5,99.1
44.1,55.7,21.1,449.0,29.2,17.6,17.2,21.9,22.7,18.6,53.3
23.5,29.2,14.5,281.0,4.18,6.98,17.9,123.0,8.28,50.0,137.0
21.7,89.8,47.8,661.0,4.29,3.92,18.9,126.0,19.8,19.8,44.5
21.1,73.0,34.9,322.0,12.7,7.23,17.0,26.2,20.0,85.8,255.0
18.1,98.2,35.2,27.6,5.57,3.0,6.04,7.43,31.3,25.0,55.2
73.0,17.2,10.8,1286.0,36.5,9.31,32.5,33.7,13.9,34.6,74.3
22.1,396.0,33.1,547.0,2.39,12.2,27.9,98.2,1.0,49.1,117.0
54.7,69.8,13.0,231.0,35.5,15.8,19.3,27.4,13.2,26.4,44.5
27.4,176.0,33.7,426.0,27.1,10.3,22.3,1.73,20.5,54.7,87.4
23.3,12.9,15.5,528.0,9.91,9.06,21.5,95.6,13.7,14.9,32.2
34.3,17.3,13.2,300.0,12.2,24.1,31.6,18.4,26.9,14.5,37.2
74.3,137.0,50.9,496.0,42.6,22.7,40.3,200.0,68.5,24.4,50.9
53.8,33.1,38.9,340.0,32.8,26.7,47.0,19.1,35.2,20.4,29.4
31.3,110.0,48.7,483.0,7.04,3.79,17.0,92.2,15.5,7.43,48.3
40.3,11.3,26.2,615.0,15.1,68.5,106.0,26.9,5.94,34.9,64.9
37.2,18.8,5.83,806.0,15.3,33.4,55.2,21.5,23.7,23.9,32.8
71.7,47.8,8.2,257.0,50.9,22.9,37.9,27.9,51.9,17.0,26.4
41.4,71.7,17.6,264.0,18.1,13.2,24.6,23.5,24.1,34.0,69.8
25.9,18.4,64.4,429.0,16.1,10.6,14.9,10.5,8.66,18.3,45.7
19.1,97.3,30.2,313.0,16.0,24.1,29.4,18.4,19.1,37.2,131.0
28.1,24.1,32.2,685.0,12.1,18.3,30.5,19.6,9.14,38.2,106.0
30.8,145.0,16.5,573.0,4.18,10.7,23.7,59.9,16.4,28.1,68.5
23.3,83.5,1.64,346.0,4.18,6.79,21.5,33.7,10.1,26.7,59.4
50.0,71.0,44.5,538.0,26.9,10.8,57.3,15.3,42.2,17.0,47.0
30.5,30.8,15.4,1625.0,21.7,37.9,105.0,19.8,9.14,35.9,56.7
15.8,31.3,45.3,835.0,4.18,36.2,60.4,90.6,21.1,12.6,28.4
14.3,66.1,60.4,599.0,3.19,2.71,21.1,90.6,28.6,19.1,35.2
30.5,257.0,75.7,956.0,10.8,7.77,29.2,11.5,17.8,24.1,47.0
56.2,15.4,9.31,1104.0,23.7,21.1,113.0,13.3,20.5,18.9,63.2
12.4,209.0,24.8,583.0,2.79,5.05,18.4,8.28,6.04,21.1,62.6
30.2,38.9,63.2,355.0,10.7,6.1,14.2,10.6,24.8,11.7,14.2
53.3,15.3,1.43,509.0,9.65,12.1,18.4,217.0,16.4,20.7,53.8
61.5,82.0,18.6,359.0,1.1,6.85,24.1,14.1,17.5,27.6,68.5
31.9,53.8,28.6,2480.0,2.97,8.66,33.4,78.4,10.5,64.4,119.0
22.3,18.6,66.7,698.0,13.3,6.79,34.0,11.1,14.9,11.1,41.8
27.4,48.7,42.9,414.0,13.9,2.59,20.9,9.91,15.0,21.7,44.9
40.0,547.0,11.2,343.0,15.3,3.68,13.7,18.3,1.0,38.9,72.3
63.8,1.11,764.0,219.0,24.6,8.66,12.7,137.0,2.89,34.6,53.3
23.7,130.0,31.3,523.0,9.47,7.57,24.6,16.3,87.4,18.9,31.9
21.1,284.0,23.1,305.0,7.1,21.1,30.5,32.5,10.8,59.4,117.0
31.6,137.0,37.5,649.0,2.33,3.08,11.5,57.3,26.9,32.8,45.3
96.5,16.7,14.2,262.0,32.5,10.1,16.7,25.7,12.9,30.0,46.6
26.4,379.0,75.0,514.0,19.5,13.2,16.5,17.8,163.0,8.9,30.5
15.4,28.9,35.9,24.4,2.79,6.26,22.9,83.5,11.1,12.0,41.8
30.5,244.0,73.7,466.0,5.28,14.9,15.3,122.0,37.5,38.2,102.0
18.1,168.0,43.3,791.0,20.0,115.0,209.0,12.4,23.7,26.2,33.1
17.5,21.3,15.5,441.0,2.35,7.77,19.1,82.8,15.7,33.4,44.1
17.9,17.8,14.1,294.0,8.28,21.9,23.7,10.7,18.9,14.9,15.3
46.6,73.7,10.8,441.0,22.3,5.94,17.9,32.8,9.65,31.3,85.8
33.7,22.5,22.5,509.0,21.1,21.9,33.1,9.22,22.7,27.1,32.5
27.6,50.0,28.4,294.0,16.1,12.1,28.9,15.0,36.2,19.3,54.7
42.6,19.8,13.7,16.8,23.5,1.73,5.67,11.5,14.3,23.7,40.0
47.0,32.2,9.47,257.0,26.9,3.34,5.42,66.1,15.5,16.5,36.5
22.1,95.6,71.7,453.0,12.3,29.4,64.9,21.3,34.3,50.0,52.8
28.4,25.9,13.7,422.0,11.2,40.7,50.0,14.5,20.4,61.5,81.3
35.2,255.0,61.5,231.0,19.3,29.7,44.5,15.1,24.8,30.0,13.5
44.1,22.9,24.1,422.0,26.9,22.5,29.2,4.26,27.4,29.4,17.5
13.0,39.6,13.1,362.0,3.43,20.2,42.6,52.8,45.7,25.9,38.2
31.9,11.9,22.1,349.0,1.36,9.56,15.0,1.0,11.4,26.2,104.0
10.4,21.9,10.0,372.0,3.34,12.0,22.3,75.7,31.3,12.1,37.2
52.8,53.8,19.3,610.0,1.0,9.91,20.0,8.9,25.0,41.0,52.3
40.0,96.5,9.65,13.3,20.2,2.76,18.6,17.0,11.8,25.5,80.6
28.1,62.6,11.7,562.0,2.27,2.39,26.2,20.5,16.3,42.2,227.0
37.5,30.0,28.6,429.0,27.9,28.9,55.7,12.5,17.2,4.45,33.4
30.2,24.1,85.8,292.0,10.6,5.73,7.04,12.1,7.77,16.0,31.9
15.3,120.0,12.6,445.0,4.74,4.78,18.8,114.0,15.4,25.3,73.7
26.7,514.0,53.8,685.0,14.3,7.99,15.3,11.5,9.56,55.7,55.2
46.1,23.3,57.8,375.0,18.4,8.9,14.3,35.2,7.37,21.9,37.5
22.7,19.5,3.52,1715.0,11.3,106.0,172.0,16.7,9.31,16.5,25.0
12.1,500.0,93.1,1055.0,2.53,47.8,88.2,87.4,8.2,33.1,70.4
80.6,400.0,110.0,567.0,31.3,9.14,13.2,106.0,23.9,20.2,31.1
25.3,20.4,26.2,385.0,14.3,6.26,8.28,14.9,9.31,14.1,47.4
37.2,4.91,15.3,284.0,21.3,10.8,17.0,11.2,17.9,49.1,86.6
31.3,113.0,25.5,1114.0,16.0,16.5,38.2,6.55,18.6,45.3,120.0
36.8,19.3,25.7,764.0,17.5,10.5,44.5,14.3,20.0,37.9,51.4
31.1,64.9,44.1,1155.0,18.1,21.5,30.8,8.98,18.3,26.2,27.6
17.6,163.0,8.74,441.0,9.91,12.7,30.5,17.6,16.5,16.8,42.2
44.1,25.5,11.5,319.0,24.6,14.7,24.6,19.8,39.6,28.4,32.2
53.8,22.1,30.0,1186.0,25.3,25.5,47.8,39.2,28.1,24.1,38.2
19.6,9.47,50.0,437.0,3.85,25.0,43.3,38.2,28.6,26.9,55.7
15.4,35.5,3.65,737.0,4.87,14.9,18.4,76.4,15.5,25.5,47.4
50.0,15.5,3.62,514.0,24.4,11.7,21.1,119.0,15.1,17.2,40.7
12.5,17.9,12.4,365.0,4.57,17.6,25.7,40.3,28.4,14.1,10.6
13.3,77.0,55.7,562.0,2.69,7.91,26.9,61.5,16.7,30.2,92.2
11.3,48.3,22.9,276.0,3.46,22.1,29.7,24.4,21.5,12.7,33.4
27.6,29.4,25.5,331.0,14.5,17.6,28.6,13.8,41.4,7.84,25.7
27.6,292.0,35.2,164.0,13.8,4.14,8.28,1.02,22.1,32.5,63.2
33.4,104.0,28.6,337.0,13.3,13.6,21.9,17.5,11.9,28.9,65.5
18.3,178.0,66.1,514.0,9.82,5.78,22.7,4.0,42.2,59.4,51.4
15.7,93.1,25.3,491.0,2.86,9.31,11.9,57.3,17.9,48.3,65.5
16.5,147.0,35.5,1275.0,5.73,69.2,110.0,16.8,18.6,20.7,13.3
35.2,75.0,33.1,737.0,13.3,6.73,23.3,12.7,14.1,39.6,114.0
26.7,276.0,112.0,743.0,15.0,40.0,56.2,20.7,46.6,65.5,141.0
93.1,34.6,19.8,610.0,1.35,20.0,35.9,8.35,23.7,19.3,43.7
77.7,8.9,10.3,308.0,46.6,12.6,26.9,44.9,15.8,14.6,3.82
18.4,17.2,18.4,311.0,8.2,28.6,43.3,5.28,21.3,80.6,93.1
59.9,28.6,19.3,1472.0,29.7,9.73,39.2,22.7,22.3,28.1,50.0
28.9,85.8,29.7,248.0,16.3,1.0,3.16,19.6,20.9,17.0,89.8
25.9,22.1,20.0,379.0,12.7,20.9,27.9,3.4,21.3,15.1,17.2
31.1,78.4,43.7,483.0,11.1,11.5,12.6,9.06,23.3,26.7,43.7
27.9,9.91,22.3,491.0,8.51,10.8,16.3,16.4,4.37,15.5,19.1
25.9,11.4,44.5,28.4,15.8,4.53,13.3,20.7,32.2,60.4,195.0
38.5,56.2,16.7,407.0,15.5,10.0,16.3,11.1,12.0,33.7,88.2
27.6,146.0,19.3,325.0,14.1,19.1,37.2,16.1,22.3,37.2,92.2
24.6,552.0,76.4,365.0,13.6,16.5,27.4,16.1,19.3,11.9,39.6
12.6,349.0,38.9,355.0,8.58,11.5,19.3,23.5,9.31,36.5,93.1
17.5,149.0,25.0,355.0,4.74,18.9,39.6,67.3,14.5,4.1,18.3
31.9,106.0,36.5,1046.0,15.0,57.3,93.1,11.4,10.8,22.7,63.2
23.1,316.0,24.6,828.0,12.3,15.0,31.3,11.8,2.21,13.8,43.7
38.5,85.8,31.3,305.0,23.5,16.5,26.9,8.9,21.1,17.0,8.2
20.7,365.0,17.8,1700.0,10.3,14.1,52.8,13.9,1.35,17.0,26.7
53.3,60.4,41.8,1219.0,8.58,31.6,51.9,12.5,49.1,28.1,50.5
12.1,15.8,14.3,349.0,3.46,13.5,21.5,62.1,5.14,34.6,84.3
12.6,12.9,23.1,1794.0,4.18,40.7,93.1,93.1,20.9,24.1,62.6
32.5,39.2,8.9,2458.0,14.1,100.0,233.0,14.5,15.4,21.7,63.8
34.3,48.3,42.6,557.0,8.2,8.98,14.9,165.0,8.66,21.7,43.3
32.8,93.1,22.1,478.0,20.5,8.9,19.8,14.2,7.57,25.5,79.1
31.9,28.4,55.7,828.0,18.9,1.22,14.7,10.1,23.5,15.0,10.8
25.9,328.0,35.2,253.0,16.7,12.3,22.9,10.6,30.0,22.1,78.4
24.1,105.0,21.5,392.0,15.8,22.9,31.9,11.1,18.1,49.1,90.6
13.5,161.0,44.5,770.0,4.03,17.8,25.9,26.7,12.9,389.0,552.0
85.8,120.0,22.9,717.0,45.7,23.5,50.5,39.6,61.0,24.6,40.7
23.3,175.0,22.3,319.0,3.65,12.7,31.1,55.7,17.3,12.7,60.4
8.43,22.3,4.22,382.0,3.52,25.3,38.9,71.7,17.5,21.1,50.5
36.8,14.3,10.3,843.0,23.1,15.1,29.2,15.1,26.7,38.9,117.0
36.2,82.0,23.7,1346.0,21.7,10.6,20.5,16.4,12.6,21.7,61.0
29.2,32.2,37.2,334.0,11.4,4.0,17.0,70.4,14.5,42.2,92.2
44.1,126.0,24.1,594.0,18.9,15.5,26.2,22.7,7.43,9.31,11.0
23.9,179.0,47.0,331.0,4.18,29.2,43.3,93.9,29.7,86.6,170.0
40.0,229.0,36.5,939.0,16.8,36.2,127.0,14.9,11.7,21.9,54.2
41.4,91.4,53.8,552.0,4.96,14.7,28.4,292.0,40.7,23.5,18.1
57.3,215.0,83.5,538.0,27.6,7.23,17.6,20.4,41.4,21.7,34.9
25.9,45.7,11.9,730.0,17.2,17.5,30.0,17.9,15.8,164.0,179.0
15.0,107.0,67.9,316.0,2.05,17.6,31.1,71.7,34.0,48.7,83.5
21.7,79.9,26.9,523.0,5.47,4.0,58.8,54.7,54.2,31.6,89.0
29.4,22.3,11.2,1946.0,15.7,34.9,63.8,9.91,5.67,37.9,58.8
39.6,12.2,6.04,470.0,24.8,14.9,28.9,30.8,14.1,11.4,31.9
32.8,58.3,47.4,457.0,10.2,5.38,31.6,22.1,29.2,19.5,46.6
14.6,32.2,14.7,244.0,6.79,14.6,28.4,66.1,17.6,10.6,37.9
111.0,13.6,28.6,302.0,58.3,2.25,23.1,170.0,13.3,20.0,73.0
49.6,75.7,77.0,1794.0,15.4,24.1,106.0,200.0,31.9,17.9,42.2
20.4,110.0,40.7,359.0,12.0,24.4,27.4,6.98,24.8,57.3,87.4
38.5,244.0,70.4,470.0,19.6,10.4,16.8,19.6,21.1,17.0,41.0
49.6,22.9,3.19,115.0,32.2,3.96,12.4,18.8,22.1,35.2,50.9
10.1,29.4,26.9,698.0,4.74,5.19,10.8,69.8,17.8,19.3,10.8
22.7,21.7,18.6,400.0,13.5,11.0,33.1,14.6,20.7,48.7,77.7
27.9,35.5,50.9,1625.0,17.6,126.0,276.0,17.9,22.1,30.5,74.3
26.7,114.0,26.7,956.0,12.4,53.3,84.3,15.0,11.2,55.7,40.7
25.5,25.7,37.5,562.0,10.1,3.55,12.4,26.7,12.6,20.4,77.0
33.1,89.0,1.64,414.0,21.3,8.2,21.9,23.1,13.0,5.42,14.3
170.0,43.3,12.5,403.0,93.9,20.9,35.9,40.0,15.0,33.7,51.9
69.2,18.9,54.7,1334.0,28.9,44.9,102.0,47.0,9.14,24.1,33.4
31.1,457.0,37.2,389.0,20.0,6.55,19.8,11.5,2.84,46.6,75.0
30.8,31.3,7.04,791.0,8.51,49.6,81.3,155.0,34.3,11.4,1.61
27.6,253.0,23.1,334.0,3.4,9.47,26.2,79.1,6.44,21.5,53.3
38.9,32.5,64.4,207.0,26.4,3.02,27.9,11.8,16.8,32.2,85.1
19.3,56.7,38.2,717.0,9.73,29.4,60.4,14.7,25.3,28.6,50.9
33.7,93.9,26.7,615.0,16.1,5.57,14.9,17.5,33.4,22.9,25.9
14.3,325.0,239.0,403.0,10.6,12.9,24.6,12.2,53.3,62.1,85.8
17.2,96.5,33.1,588.0,4.7,25.5,46.6,28.4,72.3,37.5,94.7
27.6,63.8,35.2,81.3,15.5,6.15,16.4,15.7,24.4,18.4,40.0
76.4,90.6,41.0,396.0,2.0,16.1,25.9,14.3,35.2,46.1,77.0
36.2,204.0,66.1,239.0,1.32,20.0,29.2,1.79,40.7,22.5,28.6
20.0,19.1,12.7,322.0,11.1,9.14,9.39,18.9,15.3,56.2,92.2
35.2,175.0,32.2,965.0,23.9,8.35,25.9,5.19,8.35,11.0,14.6
23.9,22.1,18.8,319.0,10.9,27.1,41.8,13.2,19.8,17.9,54.2
79.1,14.7,23.5,276.0,1.95,2.76,9.65,4.87,3.43,18.9,29.7
21.7,843.0,82.8,474.0,8.06,16.4,30.2,6.61,1.0,23.9,31.1
36.8,33.4,2.23,302.0,19.5,18.1,28.4,12.6,39.2,21.1,75.0
27.9,200.0,16.7,1252.0,25.7,19.1,45.3,17.9,4.14,23.1,42.9
71.7,142.0,3.85,297.0,34.0,17.6,25.3,33.7,7.84,26.9,82.8
6.44,58.3,15.8,685.0,5.52,7.77,16.3,3.62,11.5,255.0,426.0
46.6,20.5,22.3,269.0,18.9,20.9,33.1,18.3,20.4,33.4,54.2
33.4,81.3,16.4,542.0,18.4,4.57,16.5,14.1,22.3,19.5,88.2
21.5,14.1,61.5,835.0,10.4,16.0,33.7,8.06,14.2,21.1,12.4
8.82,59.4,111.0,297.0,1.18,21.1,27.9,41.8,15.4,85.1,147.0
5.38,16.7,9.47,1.95,1.6,2.21,10.6,5.38,18.3,24.1,58.8
34.3,17.3,1.0,42.9,21.1,1.55,19.5,18.6,24.1,12.3,48.3
12.1,67.9,23.1,331.0,3.11,20.9,27.1,33.7,13.6,50.0,107.0
20.7,20.5,15.5,407.0,3.65,10.7,22.7,59.9,23.7,122.0,79.9
35.9,29.4,10.9,375.0,22.3,15.0,27.9,11.7,23.9,36.2,77.0
18.8,32.2,36.8,231.0,14.1,23.9,35.5,11.5,10.1,34.9,52.3
47.8,445.0,109.0,179.0,21.1,24.8,38.5,22.7,17.6,23.1,69.8
55.2,38.2,24.4,519.0,28.6,9.82,13.1,16.7,21.1,33.7,84.3
25.0,6.55,8.74,368.0,13.7,10.4,22.3,14.3,8.51,30.5,59.9
35.2,16.4,13.2,1241.0,18.4,23.5,46.6,22.9,13.6,25.9,47.0
49.1,47.8,50.9,461.0,22.1,22.3,37.5,14.2,53.3,16.5,74.3
38.2,161.0,35.5,191.0,17.6,26.2,44.1,20.9,18.9,19.3,8.28
11.4,20.5,26.9,573.0,8.9,5.19,15.7,38.5,11.1,53.8,66.1
47.8,28.1,18.4,743.0,28.4,11.3,30.0,19.3,18.6,23.1,47.0
19.5,122.0,15.0,294.0,3.82,18.1,28.4,155.0,2.44,27.4,23.5
34.0,111.0,18.6,496.0,14.2,3.11,18.8,13.5,7.37,6.38,12.3
46.6,18.9,14.2,316.0,31.1,17.5,32.5,19.6,12.6,10.5,15.8
29.4,109.0,22.3,385.0,17.2,20.2,31.9,11.7,11.4,25.3,21.1
29.4,130.0,28.6,359.0,6.21,20.0,25.7,27.1,11.5,10.2,12.7
17.2,28.1,13.5,2035.0,7.17,11.2,44.1,12.6,26.2,13.2,15.0
38.2,389.0,45.3,204.0,22.7,1.81,14.5,10.4,4.57,28.6,69.2
20.7,106.0,40.0,470.0,15.8,28.1,46.1,7.91,31.3,3.05,9.65
52.8,53.3,59.9,362.0,29.4,6.79,15.3,38.9,12.2,21.5,43.7
23.3,136.0,18.3,578.0,3.34,96.5,175.0,83.5,5.88,21.5,32.2
39.2,57.3,10.6,1611.0,15.3,16.7,46.6,23.1,11.2,12.3,37.9
27.9,11.3,28.1,1310.0,11.2,7.5,32.5,20.9,15.7,33.7,48.3
18.4,93.9,26.4,692.0,4.57,11.5,41.8,3.02,5.99,17.3,33.1
43.3,13.7,40.3,403.0,23.7,5.88,13.3,8.28,12.1,28.9,45.7
57.8,17.3,7.3,418.0,28.4,7.1,19.5,20.2,30.5,5.78,22.1
59.9,18.9,31.3,922.0,25.0,5.19,17.2,35.9,10.2,16.0,40.0
6.92,11.3,67.9,343.0,2.44,42.6,54.2,73.7,8.74,20.2,31.1
31.6,57.3,4.18,505.0,16.1,4.74,40.7,14.9,21.7,36.5,97.3
18.4,40.3,19.1,1625.0,10.7,56.2,93.9,10.3,7.57,23.9,31.9
39.6,211.0,92.2,547.0,17.5,14.1,17.5,16.7,30.8,13.9,38.2
58.3,23.3,24.1,470.0,42.6,7.04,14.9,2.97,7.91,25.7,51.4
23.5,17.2,10.6,1894.0,12.0,16.8,71.7,16.3,9.14,19.8,56.2
28.9,163.0,35.5,250.0,15.8,19.6,30.0,12.4,25.0,26.4,75.0
63.2,16.7,25.7,573.0,35.2,16.4,21.7,17.8,8.06,23.9,55.7
63.8,8.28,21.3,604.0,1.19,1.22,14.2,7.5,11.1,31.6,50.9
47.0,52.3,46.6,292.0,19.3,18.3,22.9,20.4,13.7,26.9,83.5
13.1,255.0,40.7,621.0,6.44,119.0,173.0,77.0,18.4,28.4,67.9
39.6,109.0,21.5,396.0,19.6,1.89,9.56,16.8,14.6,26.7,57.3
31.9,105.0,18.4,163.0,8.9,19.6,77.0,33.7,11.8,54.7,34.9
36.5,19.1,18.9,1252.0,18.8,30.8,61.0,25.9,16.7,24.8,66.7
34.6,110.0,38.5,685.0,18.8,10.1,30.5,22.3,21.3,45.3,39.6
27.1,25.7,39.6,319.0,10.3,5.0,16.7,5.78,7.04,27.9,47.4
64.9,38.5,7.04,19.6,32.2,6.38,29.7,51.9,14.9,22.3,40.7
41.0,29.4,9.31,316.0,15.4,17.6,17.9,146.0,15.3,25.0,52.3
50.0,172.0,21.5,372.0,1.39,21.9,28.4,6.32,10.6,15.0,18.9
21.9,11.8,8.9,784.0,3.19,21.3,37.2,65.5,20.9,23.1,41.0
34.6,33.7,20.7,267.0,12.9,18.6,35.5,13.7,22.9,33.7,47.0
16.0,18.4,33.1,407.0,9.56,27.6,30.2,9.91,9.39,19.3,33.1
11.5,150.0,40.3,331.0,3.65,16.3,33.4,83.5,8.2,15.5,20.2
47.8,20.5,16.0,284.0,27.6,21.3,25.5,30.2,24.6,32.2,75.0
18.4,27.1,15.4,302.0,3.13,11.0,19.1,71.0,9.73,10.7,25.0
24.1,112.0,32.8,528.0,2.21,16.4,27.4,69.2,14.6,13.0,5.57
19.3,91.4,17.8,552.0,6.1,2.71,16.8,6.92,14.5,9.73,21.5
38.9,15.5,9.91,313.0,23.1,21.3,34.3,16.7,17.6,22.5,53.3
18.8,196.0,69.8,947.0,4.57,18.6,49.6,133.0,20.4,26.9,59.9
25.0,26.7,49.1,478.0,10.9,17.5,33.4,5.28,9.22,23.3,54.2
19.3,33.4,16.7,359.0,3.34,25.7,34.6,97.3,15.7,38.9,90.6
29.7,349.0,130.0,359.0,11.0,13.8,22.9,114.0,44.9,30.2,73.0
31.9,82.8,17.2,271.0,13.6,21.5,21.5,14.7,24.1,14.9,38.9
25.3,53.3,53.3,325.0,19.3,25.3,44.9,9.65,27.6,12.7,21.5
27.1,21.9,14.1,375.0,12.1,24.1,31.1,7.99,26.2,46.6,64.9
28.9,40.7,16.1,264.0,15.8,21.3,39.6,11.1,15.7,18.1,27.1
26.7,14.7,18.1,349.0,10.3,28.1,32.5,9.73,6.61,27.4,57.8
27.6,26.4,59.4,813.0,12.1,45.3,72.3,10.2,35.2,13.2,39.2
22.1,6.67,45.3,461.0,15.0,13.7,30.5,48.7,15.8,24.8,40.7
23.1,196.0,20.5,365.0,17.5,6.61,13.2,20.5,8.9,17.5,31.6
73.7,89.8,35.9,698.0,40.7,6.21,24.1,45.7,27.9,39.6,88.2
7.91,101.0,26.7,552.0,2.48,38.5,70.4,89.0,17.2,53.3,99.1
77.0,28.4,4.66,588.0,29.4,29.2,55.2,200.0,21.5,18.3,91.4
24.4,117.0,16.3,223.0,5.94,27.6,40.0,103.0,12.3,28.1,50.0
22.7,37.5,18.3,23.9,2.21,2.11,14.1,80.6,22.3,30.2,47.0
14.5,11.4,10.8,193.0,3.34,11.7,34.9,77.0,15.8,22.1,53.8
31.1,88.2,37.2,557.0,16.1,9.56,22.5,18.4,16.4,17.6,32.2
37.9,15.4,8.13,392.0,22.7,15.4,34.0,17.9,14.5,44.1,66.7
36.2,64.4,20.7,382.0,22.1,19.1,29.2,17.8,12.2,14.6,40.3
44.1,15.4,55.2,1104.0,26.9,9.47,33.4,13.6,11.2,8.43,14.3
27.9,21.7,20.2,396.0,2.62,19.5,38.5,8.9,15.3,35.5,57.3
8.43,73.7,6.85,195.0,1.76,17.5,25.5,75.0,14.2,7.23,2.97
19.3,66.7,11.1,355.0,1.53,12.6,24.6,75.7,34.0,1.53,13.1
16.0,47.4,12.9,237.0,5.67,34.3,44.5,82.8,22.7,33.1,95.6
35.9,16.3,33.7,400.0,17.0,13.2,106.0,13.5,18.4,19.3,36.5
22.9,43.3,27.1,328.0,12.2,20.2,36.2,3.02,22.9,26.2,91.4
22.7,83.5,14.5,1219.0,11.9,43.7,77.7,15.8,18.3,41.4,70.4
35.9,188.0,74.3,259.0,20.9,13.2,32.2,9.14,27.1,29.4,73.7
21.7,138.0,75.0,403.0,14.6,26.4,45.7,11.9,45.7,107.0,142.0
28.9,271.0,71.0,982.0,20.7,4.41,39.2,9.65,33.7,13.3,34.0
25.0,92.2,64.4,632.0,14.5,7.99,26.9,11.8,25.5,35.2,82.8
12.9,70.4,4.07,334.0,6.04,9.22,10.5,75.7,14.1,23.9,53.8
18.9,170.0,28.4,389.0,11.2,3.75,10.6,10.9,26.7,43.3,62.6
22.3,204.0,33.7,578.0,5.62,56.2,87.4,102.0,14.3,22.7,42.6
19.3,32.2,24.1,483.0,4.18,16.7,42.9,40.3,23.7,11.7,25.9
13.2,47.4,28.4,470.0,5.28,27.4,46.1,36.2,42.2,32.2,50.5
28.1,102.0,15.4,407.0,11.2,19.5,18.1,163.0,8.28,5.38,8.66
35.2,145.0,26.2,334.0,15.7,12.7,20.7,12.0,20.9,22.1,31.9
44.1,32.5,26.9,655.0,17.9,7.43,25.9,14.7,15.7,22.5,31.9
26.4,16.0,22.5,757.0,8.35,2.81,12.3,13.0,21.7,21.7,43.3
3.82,6.21,1.0,352.0,1.0,19.6,37.9,5.14,25.9,34.9,56.2
25.3,21.7,13.9,483.0,1.55,9.56,19.1,87.4,13.5,34.9,47.8
26.4,31.6,29.4,334.0,14.2,5.52,21.9,10.3,10.0,22.3,14.3
12.1,14.5,14.1,478.0,5.09,10.3,16.8,50.5,31.3,23.5,31.6
13.9,100.0,19.8,939.0,2.09,9.65,45.7,61.0,19.6,19.1,58.8
27.4,37.9,16.3,264.0,11.0,16.3,25.0,36.8,16.0,20.2,34.0
21.5,131.0,16.4,308.0,1.63,44.9,73.7,95.6,31.6,32.8,37.9
58.3,51.4,18.6,1186.0,26.2,14.7,49.6,19.5,26.7,21.7,31.6
18.1,78.4,32.8,1114.0,6.32,17.0,57.3,101.0,42.2,50.0,102.0
35.9,65.5,37.9,264.0,18.3,47.4,66.1,5.14,28.9,14.5,25.3
49.6,276.0,76.4,403.0,27.1,45.7,65.5,21.1,29.2,44.9,14.7
16.4,18.3,14.9,1155.0,6.32,7.84,21.5,9.31,12.1,20.7,41.4
38.5,39.6,26.9,368.0,19.5,14.6,23.5,14.3,19.1,8.98,20.7
21.3,20.2,11.3,407.0,8.58,8.74,28.4,34.6,19.6,26.2,15.5
15.3,20.0,15.0,973.0,3.08,7.3,22.7,60.4,17.0,34.9,56.2
19.5,21.1,32.5,271.0,5.94,15.8,31.6,18.3,12.7,23.9,23.5
23.1,82.0,23.9,1134.0,20.2,25.3,47.4,8.9,50.5,14.1,73.7
28.1,27.4,12.5,1407.0,22.3,14.5,41.4,21.5,21.7,20.7,55.2
59.9,89.8,27.1,372.0,43.7,4.14,17.8,19.5,17.9,21.3,32.2
13.9,133.0,37.2,1358.0,2.74,59.9,110.0,98.2,20.4,38.5,65.5
31.1,66.7,27.9,414.0,16.7,12.4,20.2,11.2,17.8,47.4,28.6
91.4,23.7,4.14,7.43,1.68,4.7,18.9,3.55,20.2,16.5,28.9
34.9,300.0,42.9,284.0,19.5,16.0,27.4,20.5,13.7,15.8,25.5
26.7,82.0,24.6,426.0,16.5,7.77,16.8,6.79,17.5,25.3,37.2
25.7,300.0,40.3,626.0,7.7,29.2,52.8,189.0,2.67,28.6,79.9
24.6,202.0,24.6,379.0,12.1,20.2,30.5,16.3,1.06,15.5,43.3
9.91,20.0,11.0,453.0,4.0,10.6,21.3,54.7,23.9,20.7,36.2
21.5,22.7,14.2,362.0,4.07,10.9,39.2,136.0,18.9,40.0,77.7
25.9,35.5,10.8,337.0,12.5,9.73,11.3,8.13,37.2,24.4,89.0
13.9,124.0,24.4,284.0,3.4,13.0,20.5,1.0,9.47,26.7,114.0
21.9,8.74,14.2,362.0,5.83,17.6,31.3,34.9,5.78,22.1,63.8
82.8,100.0,26.7,519.0,30.5,15.7,73.7,19.1,23.5,11.1,37.2
35.2,11.8,20.7,422.0,24.8,6.67,14.5,6.61,24.1,44.5,75.0
56.7,95.6,32.2,343.0,25.7,8.51,15.8,21.5,12.7,21.9,68.5
26.4,36.5,17.0,392.0,15.7,14.1,29.4,16.5,25.3,12.1,23.1
11.7,16.4,25.7,806.0,6.32,24.1,49.1,54.7,16.3,32.8,55.2
29.7,19.5,69.8,542.0,11.0,8.28,23.5,89.8,4.91,8.06,12.6
42.2,17.0,5.23,422.0,7.57,5.33,11.1,149.0,15.4,79.9,102.0
16.1,24.6,10.4,274.0,10.3,24.1,29.7,67.9,25.7,28.9,79.9
66.1,67.3,28.6,178.0,33.1,12.0,25.3,34.9,22.5,31.1,83.5
7.17,14.2,4.1,239.0,3.96,20.2,33.4,82.0,16.8,40.7,80.6
153.0,153.0,18.6,113.0,106.0,4.57,1.7,34.3,19.6,46.1,58.3
19.3,52.8,11.2,271.0,12.2,12.9,30.5,9.47,32.8,27.9,61.0
21.9,17.5,5.42,1176.0,8.43,44.1,82.8,15.4,16.5,15.0,50.9
51.4,106.0,40.0,429.0,33.1,9.47,22.5,17.8,21.9,16.7,15.3
37.9,145.0,14.3,453.0,26.2,12.3,24.4,17.6,10.1,24.6,49.1
44.9,59.4,20.7,407.0,21.1,22.5,41.8,18.8,24.8,24.6,42.9
24.1,9.73,64.4,523.0,7.84,15.5,27.4,92.2,48.7,30.8,57.3
20.0,426.0,73.0,334.0,3.02,15.3,33.1,79.1,19.6,40.7,14.5
24.6,15.8,1.3,1731.0,12.1,43.7,79.9,8.74,16.5,19.3,89.8
30.5,179.0,61.5,717.0,2.04,17.3,69.2,86.6,24.8,17.6,58.8
40.0,496.0,84.3,410.0,20.2,20.7,40.7,19.3,23.5,110.0,139.0
36.5,9.73,38.9,241.0,16.3,4.22,13.0,20.9,3.25,18.4,36.5
10.9,322.0,51.9,365.0,3.79,10.5,23.1,73.7,25.9,19.5,18.8
53.8,85.8,21.3,414.0,21.9,10.1,23.7,27.1,10.8,15.1,35.9
11.1,106.0,27.1,294.0,2.02,11.5,21.5,86.6,22.3,19.6,36.8
39.6,53.8,16.0,331.0,18.6,7.77,14.1,12.9,77.0,27.6,62.6
32.2,108.0,44.9,213.0,18.9,16.4,30.8,19.5,16.3,28.4,52.8
61.0,124.0,41.0,331.0,27.9,10.8,20.7,32.8,23.3,24.4,51.9
101.0,139.0,49.6,294.0,1.0,15.7,26.7,6.21,18.9,19.8,8.43
41.4,81.3,13.3,328.0,24.8,9.39,24.8,32.8,14.7,16.7,37.2
26.4,40.0,21.5,359.0,12.2,13.6,28.1,59.4,21.3,37.2,69.2
47.0,392.0,113.0,355.0,12.0,16.8,29.2,191.0,23.7,16.0,24.6
37.9,64.9,42.9,400.0,29.2,4.03,11.1,15.4,18.4,20.5,42.9
36.8,25.0,9.56,311.0,21.9,5.99,13.0,13.7,17.2,18.6,84.3
27.4,36.2,12.7,257.0,16.3,29.7,44.1,10.8,28.9,36.8,48.3
12.5,13.2,47.0,346.0,2.53,27.4,41.0,82.8,3.96,12.6,31.1
33.1,27.9,27.9,573.0,1.88,18.8,37.2,54.7,22.1,31.1,37.5
35.9,122.0,26.9,418.0,19.6,8.35,12.1,22.5,14.5,20.2,27.6
18.8,12.7,48.3,1230.0,8.13,54.2,78.4,10.6,6.32,13.7,37.9
42.2,70.4,85.1,649.0,23.1,51.9,88.2,20.4,39.6,55.7,150.0
14.9,21.7,14.3,365.0,9.31,16.8,32.8,41.8,15.4,22.5,51.4
58.8,23.1,5.94,271.0,30.5,29.4,33.7,59.4,22.1,19.1,38.5
30.8,81.3,39.2,1472.0,18.1,316.0,621.0,9.73,37.9,37.2,63.2
30.0,20.0,7.1,851.0,5.94,13.1,30.2,239.0,25.0,19.8,26.9
39.2,85.8,8.58,505.0,20.5,9.39,19.8,25.7,8.9,14.7,26.9
52.8,34.9,26.7,150.0,12.5,20.7,126.0,264.0,32.5,17.3,61.0
55.2,54.7,2.5,300.0,33.7,22.5,37.2,38.2,37.2,23.5,51.9
48.7,100.0,15.8,204.0,23.3,22.1,26.7,47.8,17.0,14.5,34.6
54.7,44.9,12.5,267.0,7.84,15.5,26.4,343.0,30.5,28.4,97.3
18.9,137.0,4.29,1446.0,11.3,6.15,15.5,9.91,1.0,21.1,6.26
66.1,429.0,40.3,85.1,23.3,10.3,39.6,12.1,4.26,36.2,17.5
50.5,37.9,9.56,1144.0,25.9,47.0,71.7,113.0,38.2,3.96,2.74
38.5,84.3,29.7,491.0,5.38,5.67,16.5,121.0,26.7,28.6,48.3
26.4,14.2,9.73,407.0,17.2,8.06,15.8,19.3,20.0,38.5,53.8
33.7,14.5,8.13,414.0,3.49,9.31,24.8,204.0,14.7,20.7,62.1
18.4,92.2,24.8,599.0,11.5,18.4,20.0,6.55,4.96,26.2,61.5
47.0,155.0,21.7,375.0,23.1,12.9,14.1,26.2,61.0,37.5,62.6
44.5,47.0,8.98,255.0,2.69,17.0,32.8,1.95,10.6,37.9,103.0
20.0,18.6,2.44,331.0,8.58,6.44,19.5,7.99,23.1,9.39,40.7
24.6,141.0,31.9,337.0,11.2,14.2,27.4,10.4,11.0,27.9,107.0
15.7,16.5,10.4,286.0,4.26,19.1,30.0,71.7,18.4,55.2,106.0
43.3,13.8,17.3,991.0,26.7,15.7,90.6,23.5,20.7,28.4,41.0
41.4,8.66,34.6,704.0,32.5,153.0,239.0,13.9,14.2,11.0,18.9
36.2,22.3,4.03,331.0,13.6,9.47,12.9,10.1,25.5,23.5,35.2
93.9,111.0,51.4,400.0,2.15,12.2,18.1,3.37,13.8,17.3,39.6
39.6,55.7,8.2,649.0,19.5,3.59,29.2,7.37,7.23,6.73,17.0
20.5,36.2,88.2,382.0,8.06,5.88,12.1,7.3,9.82,31.3,92.2
37.9,28.9,4.83,661.0,15.8,8.43,13.6,18.4,16.7,18.9,25.5
22.7,19.3,6.98,382.0,11.1,20.9,26.7,30.0,20.5,28.6,63.8
40.0,157.0,12.1,445.0,17.9,22.7,27.1,12.7,12.7,44.5,22.5
24.6,167.0,36.5,519.0,15.7,5.23,5.19,23.5,18.9,14.3,38.9
35.2,164.0,47.8,547.0,15.1,13.2,20.5,12.9,17.8,6.79,20.5
12.3,16.0,24.1,1084.0,4.41,23.3,51.9,60.4,21.9,40.7,89.8
35.9,77.0,5.52,562.0,19.3,75.7,107.0,30.2,13.6,69.2,109.0
49.1,109.0,31.6,947.0,28.4,31.1,52.3,5.67,59.4,25.0,62.1
34.3,93.9,31.9,352.0,27.4,15.8,25.7,17.8,21.9,19.5,37.5
20.9,359.0,62.6,461.0,13.3,11.8,21.7,10.8,36.5,22.3,64.4
30.5,79.1,42.2,1346.0,12.0,16.8,33.1,16.8,16.7,24.8,30.0
98.2,47.4,10.5,1046.0,36.8,10.3,14.3,62.1,36.8,16.1,35.2
40.0,70.4,40.3,250.0,23.7,8.43,21.3,29.7,13.6,15.5,60.4
59.4,246.0,78.4,461.0,37.2,10.6,34.6,32.5,21.9,31.6,34.9
50.9,33.7,37.5,407.0,31.3,7.37,10.9,33.1,7.04,34.6,47.4
11.5,40.3,38.5,461.0,6.85,12.3,16.8,29.7,17.6,29.2,18.1
28.9,50.9,22.3,352.0,8.06,18.1,32.8,4.83,12.4,32.5,52.3
39.6,123.0,37.9,365.0,11.4,13.1,22.3,92.2,38.5,24.6,66.1
23.5,17.0,13.7,346.0,11.0,17.9,21.1,15.3,13.5,29.2,18.6
21.7,27.9,48.3,63.8,8.66,2.19,12.6,26.9,12.4,23.3,38.9
28.6,7.43,27.6,784.0,16.0,55.2,76.4,8.2,5.62,16.7,92.2
31.1,41.0,47.8,1155.0,11.4,17.9,43.3,34.3,51.9,56.7,139.0
18.1,113.0,17.6,319.0,3.85,24.8,32.2,23.5,3.75,36.5,92.2
18.8,89.8,33.4,813.0,1.58,4.22,31.9,54.7,19.3,30.5,78.4
41.8,30.0,7.43,223.0,4.26,16.8,33.7,136.0,28.4,23.7,23.9
22.5,21.5,6.1,1526.0,1.78,26.9,51.9,84.3,20.2,30.8,92.2
27.6,135.0,25.9,429.0,17.6,6.26,12.6,11.2,12.1,28.1,35.9
20.9,16.4,3.37,355.0,9.91,16.3,34.0,6.32,23.7,18.1,64.4
47.8,79.9,33.4,594.0,29.7,8.43,17.8,83.5,13.2,28.1,82.0
27.4,15.7,16.4,319.0,11.1,23.3,34.0,4.37,25.5,20.4,55.2
89.8,105.0,22.7,382.0,33.1,15.4,24.8,30.0,22.5,26.2,39.2
23.3,55.2,17.8,679.0,11.5,11.0,28.1,26.4,48.7,33.4,66.1
27.4,35.5,8.28,441.0,9.73,9.82,27.1,53.8,24.8,23.9,62.6
9.39,67.9,7.17,292.0,1.47,22.3,38.5,71.0,12.9,15.0,53.8
77.0,26.4,14.6,217.0,35.5,15.4,36.5,20.0,25.9,15.5,17.5
20.7,86.6,20.0,1027.0,10.7,23.7,45.7,10.2,7.57,24.1,53.3
39.6,26.7,44.1,583.0,17.8,15.8,25.3,21.5,9.82,17.0,33.1
46.1,104.0,37.5,308.0,23.3,20.5,35.5,31.6,24.8,25.9,71.7
34.3,95.6,34.6,322.0,24.1,13.6,22.5,12.9,18.9,16.7,29.4
37.5,7.5,15.5,429.0,24.6,8.43,21.3,24.1,8.43,24.4,62.1
85.1,77.7,23.5,679.0,1.0,12.3,36.8,9.47,15.7,20.7,48.7
39.2,52.8,23.5,491.0,18.4,8.9,18.1,12.5,49.6,18.4,50.9
46.1,41.0,17.9,1486.0,18.8,7.23,31.1,20.0,11.9,4.37,13.0
40.7,17.6,15.5,418.0,4.18,9.65,20.5,68.5,24.1,25.7,50.5
32.8,47.8,61.5,274.0,10.0,20.2,25.5,14.2,15.3,15.8,38.5
34.6,85.8,20.0,441.0,24.4,28.9,54.7,8.82,7.99,44.1,42.2
27.1,97.3,25.9,349.0,15.3,21.5,35.5,15.1,30.5,32.8,104.0
47.0,85.1,31.3,267.0,4.61,27.1,42.2,33.7,25.0,53.8,110.0
40.7,80.6,18.6,269.0,18.6,24.6,31.9,14.6,17.8,26.9,34.0
36.5,16.0,38.5,466.0,22.9,6.79,21.1,17.0,15.0,39.2,91.4
16.5,21.9,13.7,523.0,3.55,4.87,17.3,69.8,4.03,37.5,35.5
26.9,115.0,37.5,1346.0,14.5,33.1,76.4,9.22,28.4,14.1,55.2
36.2,41.0,5.19,4491.0,14.6,2571.0,3555.0,24.4,18.6,16.4,37.5
38.5,28.6,4.78,392.0,28.9,16.4,25.9,21.1,26.7,22.9,42.2
19.1,115.0,10.8,704.0,2.41,42.2,71.0,105.0,24.6,35.2,49.1
55.7,16.0,19.3,704.0,30.5,9.47,32.2,40.0,17.6,25.9,67.9
50.5,14.1,16.0,168.0,31.3,7.3,23.3,20.2,18.9,39.6,59.4
21.3,64.9,27.4,300.0,8.06,10.5,31.6,5.99,25.5,21.9,34.3
41.0,193.0,65.5,331.0,24.4,41.4,49.6,12.3,70.4,41.0,164.0
40.7,12.9,4.53,155.0,25.9,16.4,26.4,19.1,24.1,8.82,36.5
35.5,118.0,10.3,610.0,2.69,1.54,14.3,58.8,1.0,32.8,48.7
20.4,89.0,16.1,478.0,10.7,11.4,22.5,3.49,22.5,32.2,76.4
36.8,85.8,26.4,470.0,21.9,47.0,86.6,14.5,28.4,20.5,25.7
98.2,15.7,13.2,2091.0,1.0,65.5,111.0,4.74,19.5,13.7,12.0
27.9,41.0,6.38,441.0,16.5,10.9,30.0,15.0,19.1,18.8,112.0
15.8,96.5,13.3,449.0,5.99,5.42,12.5,1.0,26.9,55.7,82.0
40.7,26.4,8.98,528.0,30.5,19.3,36.2,10.9,16.3,18.1,47.0
26.4,79.1,20.5,250.0,20.7,19.6,31.1,12.4,26.2,21.7,59.9
80.6,25.9,33.1,343.0,39.6,6.73,9.56,39.2,3.82,12.2,31.1
28.1,7.57,14.3,302.0,10.8,20.9,39.2,7.57,3.89,20.0,37.5
33.1,37.2,18.3,297.0,19.1,16.0,24.6,31.1,49.6,16.8,55.7
28.6,103.0,35.5,289.0,11.1,8.51,19.6,16.3,27.9,17.8,8.43
76.4,33.4,44.5,1512.0,34.3,24.6,55.7,34.0,13.0,18.8,59.4
23.5,117.0,55.7,806.0,2.5,10.6,28.1,57.8,33.1,30.5,69.8
26.2,63.8,29.4,649.0,11.2,26.4,43.7,10.4,15.0,15.5,40.3
20.9,47.4,66.1,300.0,11.3,14.6,28.9,4.03,32.8,9.82,38.9
25.9,155.0,41.4,449.0,15.4,6.49,14.2,16.1,31.3,23.5,31.3
21.1,24.8,17.6,63.2,2.71,7.17,37.5,97.3,24.4,17.2,72.3
14.9,167.0,36.2,414.0,12.4,11.5,18.6,13.8,16.8,15.5,48.3
13.9,51.4,24.8,505.0,5.78,7.84,13.9,71.7,63.2,10.3,18.6
25.5,14.2,25.9,34.0,10.2,5.28,14.5,9.06,20.0,13.7,54.2
18.9,176.0,59.9,284.0,1.37,26.4,34.0,63.2,107.0,13.6,33.4
22.1,7.99,12.6,1208.0,14.5,26.4,59.4,2.27,6.1,16.4,37.2
24.1,24.6,7.3,319.0,4.1,22.5,25.0,5.33,17.6,16.4,43.3
36.8,34.3,3.79,119.0,21.1,3.65,12.2,22.9,7.99,32.2,64.9
45.7,149.0,21.9,286.0,24.4,17.5,32.5,34.6,11.7,38.2,78.4
40.7,30.2,12.7,375.0,4.57,10.8,20.5,79.1,18.6,13.5,38.2
38.2,135.0,34.9,638.0,18.6,2.71,27.6,13.9,13.9,15.0,20.5
42.6,19.6,22.1,346.0,24.1,18.6,37.5,32.5,24.6,46.1,54.2
23.3,30.8,4.37,316.0,8.2,18.3,32.2,24.6,16.4,18.8,45.3
54.7,20.4,10.1,599.0,37.9,71.7,132.0,22.3,16.1,21.3,41.0
24.4,17.0,15.5,311.0,8.66,17.5,39.6,1.64,13.9,27.9,46.1
29.4,33.1,9.56,505.0,12.7,6.61,14.9,12.2,6.61,20.9,22.3
8.82,73.7,28.4,322.0,2.79,6.61,13.6,39.2,18.1,12.3,14.2
42.2,83.5,58.8,737.0,28.6,9.22,39.6,22.1,14.6,30.2,47.8
89.0,17.8,8.13,519.0,43.7,9.65,21.5,22.9,23.9,11.1,33.7
27.9,19.5,46.1,655.0,12.6,4.57,17.2,18.4,4.03,26.2,72.3
24.4,118.0,24.4,319.0,7.43,21.7,32.2,66.7,17.5,22.7,50.9
25.9,331.0,118.0,183.0,4.49,9.22,22.5,95.6,167.0,58.8,126.0
45.3,59.4,13.2,777.0,34.3,4.83,43.7,16.3,26.7,17.2,35.2
25.7,18.4,11.7,441.0,8.43,8.43,17.3,107.0,17.5,16.0,26.4
48.3,188.0,34.9,1114.0,19.1,42.9,66.7,25.3,16.4,44.5,69.8
38.9,88.2,15.0,284.0,18.3,12.6,29.4,12.7,17.6,17.2,24.1
22.5,195.0,38.9,176.0,11.0,20.5,39.6,5.88,10.8,14.5,4.87
13.2,20.5,31.6,461.0,4.29,7.5,21.9,62.1,8.35,24.1,56.7
19.3,55.7,15.3,457.0,7.7,15.4,25.0,14.2,16.4,26.4,15.4
26.4,73.7,12.5,519.0,17.0,5.42,14.2,18.4,10.4,23.5,46.1
34.6,79.1,15.4,365.0,22.7,17.5,28.1,11.2,18.3,18.1,41.0
24.8,126.0,27.6,300.0,14.2,20.4,43.7,22.9,14.2,30.5,41.4
30.0,14.5,10.2,229.0,5.42,14.2,28.4,94.7,12.2,33.7,65.5
42.6,491.0,42.9,638.0,28.4,41.4,71.0,17.6,1.0,34.0,60.4
14.2,56.2,33.7,414.0,3.02,20.9,35.5,62.6,65.5,20.7,77.0
54.7,118.0,10.9,1334.0,22.9,51.4,100.0,17.8,1.0,23.7,63.8
27.6,27.6,86.6,474.0,24.8,14.3,23.5,9.73,28.1,38.2,104.0
10.9,62.1,19.3,349.0,4.03,24.4,42.2,18.8,36.5,38.9,70.4
42.2,21.3,17.0,279.0,18.8,14.9,25.3,20.7,24.1,79.1,77.7
74.3,150.0,53.3,496.0,33.4,12.4,26.2,29.7,16.5,28.6,78.4
38.2,28.1,14.3,274.0,27.1,18.6,39.6,6.61,21.1,36.5,19.8
14.7,21.5,10.7,316.0,3.89,24.4,37.9,77.0,20.5,26.9,56.2
92.2,441.0,63.2,269.0,51.9,46.6,72.3,79.1,15.0,231.0,322.0
39.6,56.7,35.9,359.0,25.9,46.1,75.0,16.4,17.5,21.3,46.6
26.2,18.8,20.0,743.0,14.9,18.8,45.3,14.2,24.8,20.5,33.4
66.1,77.7,26.7,294.0,28.4,31.9,40.7,41.8,12.6,33.4,93.1
12.3,11.9,25.3,259.0,3.43,12.7,25.3,62.6,15.7,49.1,111.0
35.5,47.0,64.4,437.0,27.4,3.62,18.4,20.0,30.8,17.0,33.4
21.3,22.9,4.66,509.0,13.3,18.9,41.8,11.4,26.7,28.9,33.1
34.9,59.4,85.8,449.0,13.1,15.4,29.4,73.0,34.0,15.7,50.0
38.2,20.4,13.2,334.0,20.7,1.29,8.58,17.6,18.8,20.7,52.8
17.0,21.5,63.2,372.0,11.7,17.3,34.9,12.7,14.2,33.4,90.6
38.2,104.0,19.5,229.0,7.43,21.1,31.9,89.0,20.7,15.8,86.6
43.3,20.2,23.7,578.0,22.7,7.99,20.5,11.4,16.1,22.5,40.3
36.2,262.0,61.5,305.0,23.1,36.5,52.3,15.1,29.2,10.3,18.8
36.8,20.9,16.1,63.2,33.1,4.74,15.8,2.13,19.8,13.9,13.7
19.1,16.5,7.91,35.9,1.1,5.67,18.8,51.9,17.5,83.5,60.4
90.6,400.0,47.8,523.0,46.1,10.8,29.4,59.4,1.72,23.7,70.4
15.7,25.3,16.4,334.0,6.92,24.1,39.6,127.0,19.5,3.62,27.9
28.6,106.0,30.5,253.0,1.65,23.1,29.2,55.2,15.0,31.3,47.8
52.8,35.5,6.15,626.0,23.3,21.3,41.4,29.2,26.4,25.9,29.4
20.0,17.8,12.6,858.0,9.73,91.4,173.0,16.7,18.6,24.4,86.6
25.7,64.4,36.2,422.0,16.8,7.1,18.4,18.4,23.5,105.0,126.0
23.3,13.5,3.11,319.0,10.6,18.4,35.5,15.1,15.4,26.9,54.2
10.6,200.0,25.3,542.0,9.31,8.28,17.0,34.0,9.56,13.8,34.6
19.3,24.1,22.1,649.0,8.74,11.2,38.5,17.0,16.0,22.3,62.1
48.7,21.9,10.1,939.0,18.4,5.47,20.2,168.0,27.6,22.1,60.4
28.4,61.0,21.3,723.0,9.82,6.79,32.2,14.1,18.4,23.1,84.3
10.7,106.0,16.1,757.0,5.05,7.04,13.2,41.4,10.8,22.1,43.3
31.1,198.0,30.0,426.0,18.1,10.1,27.6,10.6,30.8,28.4,66.1
30.0,12.7,32.5,385.0,15.5,7.91,31.3,84.3,22.3,13.2,25.5
17.3,17.8,48.3,799.0,10.6,28.9,51.4,7.5,12.3,12.6,32.8
44.9,16.1,28.1,649.0,20.9,17.3,31.6,16.8,6.1,49.6,19.5
38.2,27.1,15.4,2072.0,19.3,62.6,99.1,25.3,17.6,22.1,46.6
28.6,207.0,52.8,410.0,1.76,24.8,43.3,82.8,89.0,11.7,41.4
29.7,67.9,12.3,562.0,21.9,8.28,15.8,8.28,21.5,27.6,42.2
35.5,6.49,34.3,319.0,11.9,15.3,23.1,50.9,9.56,21.7,62.1
22.9,13.2,50.9,239.0,14.5,5.28,5.62,5.23,10.2,32.2,103.0
83.5,60.4,44.5,289.0,32.2,21.5,25.0,27.1,24.8,23.7,77.7
36.8,120.0,22.3,478.0,20.9,6.1,20.0,9.65,8.51,15.0,46.6
